,ROI1,ROI2,tstat_probe_success,tstat_probe_fail+probe_success
0,205,38,-5.99527539985525,
1,205,157,-5.616774879837726,
0,38,19,,-5.703949370336342
1,60,19,,-6.7383768837208615
2,147,60,,5.908434814061621
3,205,27,,5.367116578337939
4,205,38,,-6.914539178507295
5,206,120,,7.570611632201363
6,262,20,,5.819266164386487
